mu,sigma,nu,Alpha,B1,B2,B3
0.021317118184939587,0.04854728031520408,4.598070853681228,0.021317050859253683,0.9748479231295272,2.041212017245753,3.1548022933412097
