ID,Value,Delta,Gamma,Vega,Rho,Theta
1,3.2593473629162446,0.547848706844076,0.05532633064339956,14.651749925360003,-0.44648594154228505,13.0149656558298
2,2.692774912299483,-0.4632634091481721,0.05721003186599402,14.611928071051494,-0.2537158487425639,8.94022009191082
3,22.050265969030416,0.6859563410770666,0.010698151656519094,35.90483057797833,-22.896126983717124,7.280163931049124
4,21.01923278329123,-0.4917208650638447,0.0026538705322265185,40.759300595784254,-14.102242617036964,5.95652132468671
