ID,Value
1,14.497036337177992
2,11.775958052882412
