mu,sigma,nu
0.04594038983361395,0.04544283594809785,6.336866060229941
