VaR Absolute,VaR Diff from Mean
0.04152970272060706,0.0874700827679612
