VaR Absolute,VaR Diff from Mean
0.041408722131548274,0.08734663988394104
