VaR Absolute,VaR Diff from Mean
0.030920416807415634,0.0769461532602839
