Value,x1,x2,x3,Portfolio
Total Return,-0.22144565076766198,-0.01600753058430382,0.301466962841769,0.0810982800737241
Return Attribution,-0.06551252231430578,-0.0022198053213672185,0.14883060770939754,0.08109828007372455
Vol Attribution,-0.0006308254958110135,0.0028754345079210486,0.012794872739170089,0.015039481751280124
