Value,F1,F2,F3,Alpha,Portfolio
Total Return,0.07993902853336121,0.026710835783390507,-0.01631718718235553,0.04644303819357609,0.10532667972875154
Return Attribution,0.0651728061468803,0.00017358190287437803,-0.007578621692838648,0.047558913371835064,0.1053266797287511
Vol Attribution,0.0050380496252618555,-9.23887662881749e-06,0.0017937156147436952,0.005472618374020992,0.012295144737397727
