ES Absolute,ES Diff from Mean
0.07523208731006799,0.12117246735742213
