ES Absolute,ES Diff from Mean
0.050467844020052145,0.0964935804729204
