ES Absolute,ES Diff from Mean
0.05046784402005212,0.09649358047292038
