ES Absolute,ES Diff from Mean
0.07549240858581417,0.12140131457978304
