ES Absolute,ES Diff from Mean
0.07523188253487152,0.12114078852884039
