Stock,VaR95,ES95,VaR95_Pct,ES95_Pct
A,94.44372136925925,118.23919267465314,0.04722186068462963,0.05911959633732657
B,108.61405760887816,152.51207213919983,0.03620468586962605,0.05083735737973328
Total,153.00100978138403,200.7666321410233,0.030600201956276805,0.04015332642820466
